<?xml version="1.0" encoding="UTF-8"?>
<product>
	<name>Customer Product</name>
	<version>
		<major>7</major>
		<minor>6</minor>
		<patch>1</patch>
		<build>2</build>
	</version>
	<dbmaxvarname>DBCUST</dbmaxvarname>
	<dbscripts>cust</dbscripts>
	<dbversion>V7612-01</dbversion>
	<lastdbversion>V7612-01</lastdbversion>
	<extensions>
		<mboset objectname='ASSET'>cust.app.asset.AssetSet</mboset>
		<mbo objectname='ASSET'> cust.app.asset.Asset</mbo>
        <field objectname='ASSET' attributename='NEWFIELD'>cust.app.asset.FldAssetNewField</field>
	</extensions>
</product>