<?xml version="1.0" encoding="UTF-8"?>
<product>
	<name>Customer Product</name>
	<version>
		<major>7</major>
		<minor>6</minor>
		<patch>1</patch>
		<build>2</build>
	</version>
	<dbmaxvarname>DBCUST</dbmaxvarname>
	<dbscripts>cust</dbscripts>
	<dbversion>V7612-01</dbversion>
	<lastdbversion>V7612-01</lastdbversion>
	<extensions>
		<mboset objectname='LOCATIONS'>psdi.app.location.TELPlusSLocationSet</mboset>
		<mbo objectname='LOCATIONS'>psdi.app.location.TELPlusSLocation</mbo>
	</extensions>
</product>